ID_Geografia;CodigoDepartamento;DescripcionDepartamento;DescripcionMunicipio
5002;5;ANTIOQUIA;ABEJORRAL
5004;5;ANTIOQUIA;ABRIAQUI
5021;5;ANTIOQUIA;ALEJANDRIA
5030;5;ANTIOQUIA;AMAGA
5031;5;ANTIOQUIA;AMALFI
5034;5;ANTIOQUIA;ANDES
5036;5;ANTIOQUIA;ANGELOPOLIS
5038;5;ANTIOQUIA;ANGOSTURA
5040;5;ANTIOQUIA;ANORI
5044;5;ANTIOQUIA;ANZA
5045;5;ANTIOQUIA;APARTADO
5051;5;ANTIOQUIA;ARBOLETES
5055;5;ANTIOQUIA;ARGELIA
5059;5;ANTIOQUIA;ARMENIA
5079;5;ANTIOQUIA;BARBOSA
5088;5;ANTIOQUIA;BELLO
5086;5;ANTIOQUIA;BELMIRA
5091;5;ANTIOQUIA;BETANIA
5093;5;ANTIOQUIA;BETULIA
5101;5;ANTIOQUIA;BOLIVAR
5107;5;ANTIOQUIA;BRICENO
5113;5;ANTIOQUIA;BURITICA
5138;5;ANTIOQUIA;CAÑASGORDAS
5120;5;ANTIOQUIA;CACERES
5125;5;ANTIOQUIA;CAICEDO
5129;5;ANTIOQUIA;CALDAS
5134;5;ANTIOQUIA;CAMPAMENTO
5142;5;ANTIOQUIA;CARACOLI
5145;5;ANTIOQUIA;CARAMANTA
5147;5;ANTIOQUIA;CAREPA
5148;5;ANTIOQUIA;CARMEN DE VIBORAL
5150;5;ANTIOQUIA;CAROLINA
5154;5;ANTIOQUIA;CAUCASIA
5172;5;ANTIOQUIA;CHIGORODO
5190;5;ANTIOQUIA;CISNEROS
5197;5;ANTIOQUIA;COCORNA
5206;5;ANTIOQUIA;CONCEPCION
5209;5;ANTIOQUIA;CONCORDIA
5212;5;ANTIOQUIA;COPACABANA
5234;5;ANTIOQUIA;DABEIBA
5237;5;ANTIOQUIA;DON MATIAS
5240;5;ANTIOQUIA;EBEJICO
5250;5;ANTIOQUIA;EL BAGRE
5264;5;ANTIOQUIA;ENTRERRIOS
5266;5;ANTIOQUIA;ENVIGADO
5282;5;ANTIOQUIA;FREDONIA
5284;5;ANTIOQUIA;FRONTINO
5306;5;ANTIOQUIA;GIRALDO
5308;5;ANTIOQUIA;GIRARDOTA
5310;5;ANTIOQUIA;GOMEZ PLATA
5313;5;ANTIOQUIA;GRANADA
5315;5;ANTIOQUIA;GUADALUPE
5318;5;ANTIOQUIA;GUARNE
5321;5;ANTIOQUIA;GUATAPE
5347;5;ANTIOQUIA;HELICONIA
5353;5;ANTIOQUIA;HISPANIA
5360;5;ANTIOQUIA;ITAGUI
5361;5;ANTIOQUIA;ITUANGO
5364;5;ANTIOQUIA;JARDIN
5368;5;ANTIOQUIA;JERICO
5376;5;ANTIOQUIA;LA CEJA
5380;5;ANTIOQUIA;LA ESTRELLA
5390;5;ANTIOQUIA;LA PINTADA
5400;5;ANTIOQUIA;LA UNION
5411;5;ANTIOQUIA;LIBORINA
5425;5;ANTIOQUIA;MACEO
5440;5;ANTIOQUIA;MARINILLA
5001;5;ANTIOQUIA;MEDELLIN
5467;5;ANTIOQUIA;MONTEBELLO
5475;5;ANTIOQUIA;MURINDO
5480;5;ANTIOQUIA;MUTATA
5483;5;ANTIOQUIA;NARIÑO
5495;5;ANTIOQUIA;NECHI
5490;5;ANTIOQUIA;NECOCLI
5501;5;ANTIOQUIA;OLAYA
5541;5;ANTIOQUIA;PEÑOL
5543;5;ANTIOQUIA;PEQUE
5576;5;ANTIOQUIA;PUEBLORRICO
5579;5;ANTIOQUIA;PUERTO BERRIO
5585;5;ANTIOQUIA;PUERTO NARE (LA MAGDALENA )
5591;5;ANTIOQUIA;PUERTO TRIUNFO
5604;5;ANTIOQUIA;REMEDIOS
5607;5;ANTIOQUIA;RETIRO
5615;5;ANTIOQUIA;RIONEGRO
5628;5;ANTIOQUIA;SABANALARGA
5631;5;ANTIOQUIA;SABANETA
5642;5;ANTIOQUIA;SALGAR
5647;5;ANTIOQUIA;SAN ANDRES
5649;5;ANTIOQUIA;SAN CARLOS
5652;5;ANTIOQUIA;SAN FRANCISCO
5656;5;ANTIOQUIA;SAN JERONIMO
5658;5;ANTIOQUIA;SAN JOSE DE LA MONTANA
5659;5;ANTIOQUIA;SAN JUAN DE URABA
5660;5;ANTIOQUIA;SAN LUIS
5664;5;ANTIOQUIA;SAN PEDRO
5665;5;ANTIOQUIA;SAN PEDRO DE URABA
5667;5;ANTIOQUIA;SAN RAFAEL
5670;5;ANTIOQUIA;SAN ROQUE
5674;5;ANTIOQUIA;SAN VICENTE
5679;5;ANTIOQUIA;SANTA BARBARA
5042;5;ANTIOQUIA;SANTA FE DE ANTIOQUIA
5686;5;ANTIOQUIA;SANTA ROSA DE OSOS
5690;5;ANTIOQUIA;SANTO DOMINGO
5697;5;ANTIOQUIA;SANTUARIO
5736;5;ANTIOQUIA;SEGOVIA
5756;5;ANTIOQUIA;SONSON
5761;5;ANTIOQUIA;SOPETRAN
5789;5;ANTIOQUIA;TAMESIS
5790;5;ANTIOQUIA;TARAZA
5792;5;ANTIOQUIA;TARSO
5809;5;ANTIOQUIA;TITIRIBI
5819;5;ANTIOQUIA;TOLEDO
5837;5;ANTIOQUIA;TURBO
5842;5;ANTIOQUIA;URAMITA
5847;5;ANTIOQUIA;URRAO
5854;5;ANTIOQUIA;VALDIVIA
5856;5;ANTIOQUIA;VALPARAISO
5858;5;ANTIOQUIA;VEGACHI
5861;5;ANTIOQUIA;VENECIA
5873;5;ANTIOQUIA;VIGIA DEL FUERTE
5885;5;ANTIOQUIA;YALI
5887;5;ANTIOQUIA;YARUMAL
5890;5;ANTIOQUIA;YOLOMBO
5893;5;ANTIOQUIA;YONDO (CASABE)
5895;5;ANTIOQUIA;ZARAGOZA
